,Accuracy,Fmeasure,Precision,Recall
0,0.25,0.125,0.08333333333333333,0.25
1,0.5,0.375,0.3333333333333333,0.5
2,0.25,0.30000000000000004,0.375,0.25
3,0.0,0.0,0.0,0.0
4,0.5,0.5833333333333333,0.75,0.5
5,0.5,0.41666666666666663,0.375,0.5
6,0.5,0.5,0.8333333333333334,0.5
7,0.5,0.3333333333333333,0.25,0.5
8,0.5,0.5,0.5,0.5
9,0.25,0.30000000000000004,0.375,0.25
