,Accuracy,Fmeasure,Precision,Recall
0,0.625,0.5666666666666667,0.5625,0.625
1,0.125,0.125,0.125,0.125
2,0.25,0.20833333333333331,0.1875,0.25
3,0.25,0.21875,0.2,0.25
4,0.125,0.04166666666666667,0.025,0.125
5,0.375,0.4,0.6666666666666667,0.375
6,0.25,0.1875,0.16666666666666666,0.25
7,0.625,0.625,0.625,0.625
8,0.42857142857142855,0.4047619047619047,0.5714285714285714,0.42857142857142855
9,0.42857142857142855,0.4714285714285714,0.6666666666666667,0.42857142857142855
