,Accuracy,Fmeasure,Precision,Recall
0,0.5,0.5857142857142859,0.7083333333333333,0.5
1,0.375,0.38392857142857145,0.55,0.375
2,0.25,0.2797619047619048,0.675,0.25
3,0.25,0.25,0.25,0.25
4,0.375,0.35416666666666663,0.4,0.375
5,0.375,0.32916666666666666,0.375,0.375
6,0.5,0.5196428571428572,0.75,0.5
7,0.5,0.5416666666666665,0.59375,0.5
8,0.5714285714285714,0.5714285714285714,0.7619047619047619,0.5714285714285714
9,0.5714285714285714,0.5714285714285714,0.7142857142857143,0.5714285714285714
