,Accuracy,Fmeasure,Precision,Recall
0,0.75,0.7604166666666665,0.875,0.75
1,0.625,0.6145833333333333,0.725,0.625
2,0.5,0.5208333333333333,0.65,0.5
3,0.5,0.45833333333333326,0.5,0.5
4,0.375,0.3303571428571429,0.31666666666666665,0.375
5,0.375,0.35,0.3958333333333333,0.375
6,0.375,0.3125,0.275,0.375
7,0.125,0.1875,0.375,0.125
8,0.42857142857142855,0.4571428571428572,0.5714285714285714,0.42857142857142855
9,0.2857142857142857,0.3428571428571429,0.6666666666666667,0.2857142857142857
