,Accuracy,Fmeasure,Precision,Recall
0,0.25,0.25,0.25,0.25
1,0.25,0.1,0.0625,0.25
2,0.75,0.6428571428571428,0.5625,0.75
3,0.5,0.5833333333333333,0.75,0.5
4,0.25,0.25,0.25,0.25
5,0.0,0.0,0.0,0.0
6,0.0,0.0,0.0,0.0
7,0.25,0.30000000000000004,0.375,0.25
8,0.25,0.16666666666666666,0.125,0.25
9,0.5,0.5,0.625,0.5
