,Accuracy,Fmeasure,Precision,Recall
0,1.0,1.0,1.0,1.0
1,1.0,1.0,1.0,1.0
2,1.0,1.0,1.0,1.0
3,0.25,0.1,0.0625,0.25
4,0.5,0.41666666666666663,0.375,0.5
5,0.75,0.6428571428571428,0.5625,0.75
6,0.5,0.3333333333333333,0.25,0.5
7,0.75,0.6428571428571428,0.5625,0.75
8,1.0,1.0,1.0,1.0
9,1.0,1.0,1.0,1.0
