,Accuracy,Fmeasure,Precision,Recall
0,0.5,0.3333333333333333,0.25,0.5
1,1.0,1.0,1.0,1.0
2,0.5,0.3333333333333333,0.25,0.5
3,1.0,1.0,1.0,1.0
4,1.0,1.0,1.0,1.0
5,0.5,0.3333333333333333,0.25,0.5
6,0.5,0.3333333333333333,0.25,0.5
7,1.0,1.0,1.0,1.0
8,0.5,0.3333333333333333,0.25,0.5
9,1.0,1.0,1.0,1.0
