,Accuracy,Fmeasure,Precision,Recall
0,0.5,0.3333333333333333,0.25,0.5
1,0.5,0.3333333333333333,0.25,0.5
2,1.0,1.0,1.0,1.0
3,0.5,0.3333333333333333,0.25,0.5
4,1.0,1.0,1.0,1.0
5,0.5,0.3333333333333333,0.25,0.5
6,1.0,1.0,1.0,1.0
7,1.0,1.0,1.0,1.0
8,1.0,1.0,1.0,1.0
9,0.5,0.3333333333333333,0.25,0.5
