,Accuracy,Fmeasure,Precision,Recall
0,1.0,1.0,1.0,1.0
1,0.0,0.0,0.0,0.0
2,0.0,0.0,0.0,0.0
3,0.5,0.6666666666666666,1.0,0.5
4,0.5,0.3333333333333333,0.25,0.5
5,0.5,0.6666666666666666,1.0,0.5
6,0.0,0.0,0.0,0.0
7,0.5,0.6666666666666666,1.0,0.5
8,1.0,1.0,1.0,1.0
9,0.0,0.0,0.0,0.0
