,Accuracy,Fmeasure,Precision,Recall
0,0.5,0.5833333333333333,0.75,0.5
1,0.5,0.41666666666666663,0.375,0.5
2,0.75,0.75,0.875,0.75
3,0.25,0.25,0.25,0.25
4,0.0,0.0,0.0,0.0
5,0.5,0.5,0.5,0.5
6,1.0,1.0,1.0,1.0
7,1.0,1.0,1.0,1.0
8,0.3333333333333333,0.3333333333333333,0.3333333333333333,0.3333333333333333
9,0.6666666666666666,0.5333333333333333,0.4444444444444444,0.6666666666666666
